{
  "minecraft:recipes/misc/pink_dye_from_peony": {
    "criteria": {
      "has_double_plant": "2019-01-11 22:30:04 -0600"
    },
    "done": true
  },
  "minecraft:recipes/building_blocks/oak_planks": {
    "criteria": {
      "has_log": "2019-01-11 22:29:38 -0600"
    },
    "done": true
  },
  "minecraft:adventure/adventuring_time": {
    "criteria": {
      "forest": "2019-01-11 22:29:38 -0600",
      "beaches": "2019-01-11 22:29:50 -0600",
      "forest_hills": "2019-01-11 22:29:58 -0600",
      "river": "2019-01-11 22:29:53 -0600"
    },
    "done": false
  }
}